country,percentage
US,62.28070175438597
GB,8.24561403508772
Others,7.017543859649122
CA,5.263157894736842
DE,4.912280701754386
IN,4.2105263157894735
FR,2.631578947368421
ES,2.456140350877193
GR,1.9298245614035088
JP,1.0526315789473684
